<?xml version="1.0" encoding="UTF-8"?>
<metadata xml:lang="en"><Esri><CreaDate>20191207</CreaDate><CreaTime>16290600</CreaTime><ArcGISFormat>1.0</ArcGISFormat><SyncOnce>TRUE</SyncOnce><DataProperties><lineage><Process ToolSource="c:\users\zinni\appdata\local\programs\arcgis\pro\Resources\ArcToolbox\toolboxes\Data Management Tools.tbx\AddRelate" Date="20191207" Time="162906">AddRelate LA_Times_Neighborhood_Boundaries name LA_median_income_2016 Neighborhood LACityIncomeTracts "One to many"</Process><Process ToolSource="c:\users\zinni\appdata\local\programs\arcgis\pro\Resources\ArcToolbox\toolboxes\Data Management Tools.tbx\RemoveRelate" Date="20191207" Time="163201">RemoveRelate LA_Times_Neighborhood_Boundaries #</Process></lineage></DataProperties></Esri></metadata>
